﻿<Ui xmlns="http://www.blizzard.com/wow/ui/">	
	<script file="chat\chat.lua"/>
	<Include file="unitframes\load_unitframes.xml"/>
	<Include file="nameplates\load_nameplates.xml"/>
	<Include file="actionbars\load_actionbars.xml"/>
	<Include file="misc\load_misc.xml"/>
	<Include file="dashboard\load_dashboards.xml"/>
	<Include file="datatexts\load_datatexts.xml"/>
	<Include file="databars\load_databars.xml"/>
	<Include file="skins\load_skins.xml"/>
	<Include file="shadows\load_shadows.xml"/>
</Ui>