﻿<Ui xmlns="http://www.blizzard.com/wow/ui/">
	<script file="AddOnSkins.lua"/>
	<script file="DeadlyBossMods.lua"/>
	<script file="Details.lua"/>
	<script file="LocationLite.lua"/>
	<script file="LocationPlus.lua"/>
	<script file="MikScrollingBattleText.lua"/>
	<script file="Pawn.lua"/>
	<script file="Recount.lua"/>
	<script file="Skada.lua"/>
	<script file="SquareMinimapButtons.lua"/>
	<script file="VisualAuraTimers.lua"/>
	<script file="BigWigs.lua"/>
	<script file="stAddOnManager.lua"/>
	<script file="InFlight.lua"/>
</Ui>